date,demandeTotal 
2026-07-02T00:30:00-04:00,16616.0
2026-07-02T01:00:00-04:00,16553.0
2026-07-02T02:00:00-04:00,16174.0
2026-07-02T04:00:00-04:00,15987.0
2026-07-02T04:15:00-04:00,15909.0
2026-07-02T06:00:00-04:00,16839.0
2026-07-02T06:15:00-04:00,17329.0
2026-07-02T06:45:00-04:00,17861.0
2026-07-02T07:00:00-04:00,18220.0
2026-07-02T07:15:00-04:00,18445.0
2026-07-02T07:30:00-04:00,18877.0
2026-07-02T07:45:00-04:00,19050.0
2026-07-02T08:00:00-04:00,19245.0
2026-07-02T09:00:00-04:00,20141.0
2026-07-02T09:30:00-04:00,20475.0
2026-07-02T09:45:00-04:00,20600.0
2026-07-02T10:15:00-04:00,20593.0
2026-07-02T11:00:00-04:00,21158.0
2026-07-02T11:15:00-04:00,21276.0
2026-07-02T12:45:00-04:00,21764.0
2026-07-02T13:15:00-04:00,21852.0
2026-07-02T15:00:00-04:00,21989.0
2026-07-02T15:15:00-04:00,21988.0
2026-07-02T16:00:00-04:00,22125.0
2026-07-02T16:45:00-04:00,22402.0
2026-07-02T17:30:00-04:00,22327.0
2026-07-02T18:00:00-04:00,22192.0
2026-07-02T18:30:00-04:00,21992.0
2026-07-02T19:30:00-04:00,21333.0
2026-07-02T20:45:00-04:00,20100.0
2026-07-02T21:45:00-04:00,19705.0
2026-07-02T23:45:00-04:00,17758.0
2026-07-03T00:15:00-04:00,17361.0
2026-07-03T00:30:00-04:00,17089.0
2026-07-03T01:00:00-04:00,16817.0
2026-07-03T01:15:00-04:00,16581.0
2026-07-03T02:15:00-04:00,15996.0
2026-07-03T03:00:00-04:00,15766.0
2026-07-03T04:00:00-04:00,15692.0
2026-07-03T04:30:00-04:00,15401.0
2026-07-03T04:45:00-04:00,15532.0
2026-07-03T05:30:00-04:00,15902.0
2026-07-03T06:00:00-04:00,16297.0
2026-07-03T07:15:00-04:00,18097.0
2026-07-03T07:30:00-04:00,18353.0
2026-07-03T08:30:00-04:00,
2026-07-03T09:00:00-04:00,
2026-07-03T09:15:00-04:00,
2026-07-03T09:30:00-04:00,
2026-07-03T09:45:00-04:00,
2026-07-03T10:15:00-04:00,
2026-07-03T14:00:00-04:00,
2026-07-03T15:00:00-04:00,
2026-07-03T15:15:00-04:00,
2026-07-03T16:30:00-04:00,
2026-07-03T18:15:00-04:00,
2026-07-03T18:30:00-04:00,
2026-07-03T19:00:00-04:00,
2026-07-03T19:45:00-04:00,
2026-07-03T20:30:00-04:00,
2026-07-03T22:30:00-04:00,
2026-07-02T00:00:00-04:00,17199.0
2026-07-02T00:15:00-04:00,16990.0
2026-07-02T02:45:00-04:00,16171.0
2026-07-02T03:30:00-04:00,15855.0
2026-07-02T04:30:00-04:00,16046.0
2026-07-02T05:15:00-04:00,16075.0
2026-07-02T06:30:00-04:00,17634.0
2026-07-02T08:15:00-04:00,19430.0
2026-07-02T09:15:00-04:00,20101.0
2026-07-02T10:30:00-04:00,20826.0
2026-07-02T10:45:00-04:00,20885.0
2026-07-02T11:45:00-04:00,21665.0
2026-07-02T12:00:00-04:00,21602.0
2026-07-02T13:00:00-04:00,21890.0
2026-07-02T13:30:00-04:00,22016.0
2026-07-02T13:45:00-04:00,22077.0
2026-07-02T15:30:00-04:00,21915.0
2026-07-02T16:30:00-04:00,22187.0
2026-07-02T17:00:00-04:00,22419.0
2026-07-02T18:15:00-04:00,21917.0
2026-07-02T19:15:00-04:00,21445.0
2026-07-02T21:30:00-04:00,19848.0
2026-07-02T22:15:00-04:00,19104.0
2026-07-02T23:15:00-04:00,18138.0
2026-07-02T23:30:00-04:00,17800.0
2026-07-03T01:45:00-04:00,16219.0
2026-07-03T02:00:00-04:00,16188.0
2026-07-03T02:30:00-04:00,15993.0
2026-07-03T05:00:00-04:00,15777.0
2026-07-03T05:45:00-04:00,16093.0
2026-07-03T06:30:00-04:00,17029.0
2026-07-03T07:00:00-04:00,17771.0
2026-07-03T08:45:00-04:00,
2026-07-03T11:00:00-04:00,
2026-07-03T11:15:00-04:00,
2026-07-03T11:30:00-04:00,
2026-07-03T12:15:00-04:00,
2026-07-03T13:00:00-04:00,
2026-07-03T13:45:00-04:00,
2026-07-03T15:30:00-04:00,
2026-07-03T17:00:00-04:00,
2026-07-03T17:15:00-04:00,
2026-07-03T18:00:00-04:00,
2026-07-03T19:30:00-04:00,
2026-07-03T20:15:00-04:00,
2026-07-03T21:15:00-04:00,
2026-07-03T22:15:00-04:00,
2026-07-03T23:00:00-04:00,
2026-07-03T23:15:00-04:00,
2026-07-03T23:30:00-04:00,
2026-07-02T00:45:00-04:00,16579.0
2026-07-02T01:15:00-04:00,16529.0
2026-07-02T01:30:00-04:00,16416.0
2026-07-02T01:45:00-04:00,16348.0
2026-07-02T02:15:00-04:00,16235.0
2026-07-02T02:30:00-04:00,16219.0
2026-07-02T03:00:00-04:00,15841.0
2026-07-02T03:15:00-04:00,15911.0
2026-07-02T03:45:00-04:00,15907.0
2026-07-02T04:45:00-04:00,16097.0
2026-07-02T05:00:00-04:00,16170.0
2026-07-02T05:30:00-04:00,16374.0
2026-07-02T05:45:00-04:00,16529.0
2026-07-02T08:30:00-04:00,19738.0
2026-07-02T08:45:00-04:00,20000.0
2026-07-02T10:00:00-04:00,20613.0
2026-07-02T11:30:00-04:00,21354.0
2026-07-02T12:15:00-04:00,21347.0
2026-07-02T12:30:00-04:00,21647.0
2026-07-02T14:00:00-04:00,22052.0
2026-07-02T14:15:00-04:00,22100.0
2026-07-02T14:30:00-04:00,22006.0
2026-07-02T14:45:00-04:00,21941.0
2026-07-02T15:45:00-04:00,22124.0
2026-07-02T16:15:00-04:00,22013.0
2026-07-02T17:15:00-04:00,22349.0
2026-07-02T17:45:00-04:00,22410.0
2026-07-02T18:45:00-04:00,21860.0
2026-07-02T19:00:00-04:00,21669.0
2026-07-02T19:45:00-04:00,20948.0
2026-07-02T20:00:00-04:00,20733.0
2026-07-02T20:15:00-04:00,20295.0
2026-07-02T20:30:00-04:00,20134.0
2026-07-02T21:00:00-04:00,19850.0
2026-07-02T21:15:00-04:00,19863.0
2026-07-02T22:00:00-04:00,19430.0
2026-07-02T22:30:00-04:00,18897.0
2026-07-02T22:45:00-04:00,18626.0
2026-07-02T23:00:00-04:00,18261.0
2026-07-03T00:00:00-04:00,17557.0
2026-07-03T00:45:00-04:00,16892.0
2026-07-03T01:30:00-04:00,16354.0
2026-07-03T02:45:00-04:00,15759.0
2026-07-03T03:15:00-04:00,15745.0
2026-07-03T03:30:00-04:00,15727.0
2026-07-03T03:45:00-04:00,15629.0
2026-07-03T04:15:00-04:00,15792.0
2026-07-03T05:15:00-04:00,15859.0
2026-07-03T06:15:00-04:00,16557.0
2026-07-03T06:45:00-04:00,17382.0
2026-07-03T07:45:00-04:00,18693.0
2026-07-03T08:00:00-04:00,18999.0
2026-07-03T08:15:00-04:00,
2026-07-03T10:00:00-04:00,
2026-07-03T10:30:00-04:00,
2026-07-03T10:45:00-04:00,
2026-07-03T11:45:00-04:00,
2026-07-03T12:00:00-04:00,
2026-07-03T12:30:00-04:00,
2026-07-03T12:45:00-04:00,
2026-07-03T13:15:00-04:00,
2026-07-03T13:30:00-04:00,
2026-07-03T14:15:00-04:00,
2026-07-03T14:30:00-04:00,
2026-07-03T14:45:00-04:00,
2026-07-03T15:45:00-04:00,
2026-07-03T16:00:00-04:00,
2026-07-03T16:15:00-04:00,
2026-07-03T16:45:00-04:00,
2026-07-03T17:30:00-04:00,
2026-07-03T17:45:00-04:00,
2026-07-03T18:45:00-04:00,
2026-07-03T19:15:00-04:00,
2026-07-03T20:00:00-04:00,
2026-07-03T20:45:00-04:00,
2026-07-03T21:00:00-04:00,
2026-07-03T21:30:00-04:00,
2026-07-03T21:45:00-04:00,
2026-07-03T22:00:00-04:00,
2026-07-03T22:45:00-04:00,
2026-07-03T23:45:00-04:00,
